<?xml version="1.0" encoding="UTF-8"?>
<!DOCTYPE mapper
    PUBLIC "-//mybatis.org//DTD Mapper 3.0//EN"
    "http://mybatis.org/dtd/mybatis-3-mapper.dtd">
<mapper namespace="com.newlecture.web.dao.LectureDao">
   <select id="getList" resultType="com.newlecture.web.entity.Lecture">
      SELECT `LECTURE`.`CODE`,
      `LECTURE`.`TITLE`,
      `LECTURE`.`CONTEXT`,
      `LECTURE`.`TEACHER_NAME`,
      `LECTURE`.`BOOK_NAME`,
      `LECTURE`.`BOOK_IMG`,
      `LECTURE`.`TARGET`,
      `LECTURE`.`IMPACT_CONTEXT`,
      `LECTURE`.`MEMBER_ID`,
      `LECTURE`.`LEVEL_CODE`
      FROM `newlecture`.`LECTURE`
   </select>

   <insert id="add" parameterType="com.newlecture.web.entity.Lecture">
      <selectKey order="BEFORE" keyProperty="code" resultType="String">
         select max(cast(code as unsigned))+1 CODE from `newlecture`.`LECTURE`
      </selectKey>
         INSERT INTO `newlecture`.`LECTURE`
         (`CODE`,
         `TITLE`,
         `CONTEXT`,
         `TEACHER_NAME`,
         `BOOK_NAME`,
         `BOOK_IMG`,
         `TARGET`,
         `IMPACT_CONTEXT`,
         `MEMBER_ID`,
         `LEVEL_CODE`)
         VALUES
         (#{code},
         #{title},
         #{context},
         #{teacherName},
         #{bookName},
         #{bookImg},
         #{target},
         #{impactContext},
         #{memberId},
         #{levelCode})
   </insert>

   <select id="get" resultType="com.newlecture.web.entity.Lecture">
      SELECT *
      FROM `newlecture`.`LECTURE` WHERE
      CODE=#{code}
   </select>
   <delete id="delete">
      DELETE FROM `newlecture`.`LECTURE` WHERE CODE=#{code}
   </delete>

   <update id="update">
      UPDATE `newlecture`.`LECTURE`
      SET
      `TITLE` = #{title},
      `CONTEXT` = #{context},
      `TEACHER_NAME` = #{teacherName},
      `BOOK_NAME` = #{bookName},
      `BOOK_IMG` = #{bookImg},
      `TARGET` = #{target},
      `IMPACT_CONTEXT` = #{impactContext},
      `MEMBER_ID` = #{memberId},
      `LEVEL_CODE` = #{levelCode}
      WHERE `CODE` = #{code}
   </update>
</mapper>